{"cameraMode":{"drawMode":0,"name":"Shaded","section":"Shading Mode"},"sceneLighting":true,"audioPlay":false,"sceneViewState":{"showFog":true,"showMaterialUpdate":false,"showSkybox":true,"showFlares":true,"showImageEffects":true,"showParticleSystems":true},"in2DMode":false,"pivot":{"x":443.17535400390627,"y":287.5289611816406,"z":731.7659301757813},"rotation":{"x":-0.10297328978776932,"y":0.021270006895065309,"z":0.0022018991876393558,"w":0.9944542646408081},"size":116.030029296875,"orthographic":false}