{"cameraMode":{"drawMode":0,"name":"Shaded","section":"Shading Mode"},"sceneLighting":false,"audioPlay":false,"sceneViewState":{"showFog":true,"showMaterialUpdate":false,"showSkybox":false,"showFlares":true,"showImageEffects":true,"showParticleSystems":true},"in2DMode":false,"pivot":{"x":-28.940000534057618,"y":-2.980232238769531e-7,"z":0.0},"rotation":{"x":0.019262919202446939,"y":-0.9806467890739441,"z":0.13082198798656465,"w":0.14438317716121674},"size":11.701810836791993,"orthographic":false}