{"cameraMode":{"drawMode":0,"name":"Shaded","section":"Shading Mode"},"sceneLighting":false,"audioPlay":false,"sceneViewState":{"showFog":true,"showMaterialUpdate":false,"showSkybox":false,"showFlares":true,"showImageEffects":true,"showParticleSystems":true},"in2DMode":false,"pivot":{"x":11.904434204101563,"y":1.1612684726715088,"z":10.002359390258789},"rotation":{"x":0.019262919202446939,"y":-0.9806467890739441,"z":0.13082198798656465,"w":0.14438317716121674},"size":11.651651382446289,"orthographic":false}