{"cameraMode":{"drawMode":0,"name":"Shaded","section":"Shading Mode"},"sceneLighting":false,"audioPlay":false,"sceneViewState":{"showFog":true,"showMaterialUpdate":false,"showSkybox":false,"showFlares":true,"showImageEffects":true,"showParticleSystems":true},"in2DMode":false,"pivot":{"x":-12.489999771118164,"y":-0.0000013113021850585938,"z":0.0},"rotation":{"x":0.019262919202446939,"y":-0.9806467890739441,"z":0.13082198798656465,"w":0.14438317716121674},"size":10.64307975769043,"orthographic":false}